"","AccoundID","Bic","Name","Balance"
"1",95,"SANDLT22","Fiona Knapp",1048
"2",46,"SANDEE2X","Garrett Manning",1007
"3",77,"SANDEE2X","Iola Mccray",998
"4",72,"SANDLV22","Bruce Taylor",966
"5",16,"SANDLT22","Xena Valdez",1022
"6",61,"SANDLV22","Elizabeth Harris",1008
"7",93,"SANDLV22","Florence Wade",1001
"8",35,"SANDLV22","Breanna Sandoval",992
"9",41,"SANDEE2X","Haviva Morin",1024
"10",82,"SANDLV22","Benedict Barton",1012
"11",32,"SANDLV22","Cullen Byers",1014
"12",9,"SANDLV22","Nevada Morton",1007
"13",43,"SANDLT22","Jacob Nguyen",947
"14",37,"SANDLT22","Tallulah Pace",1000
"15",25,"SANDLV22","Branden Maxwell",1009
"16",53,"SANDEE2X","Clinton Middleton",1042
"17",88,"SANDLT22","Harding Whitehead",1009
"18",74,"SANDLT22","Martina Hancock",984
"19",60,"SANDLV22","Nathaniel Glover",1026
"20",51,"SANDLV22","Barbara Hurley",1042
"21",90,"SANDLT22","Otto Schroeder",976
"22",38,"SANDLV22","Zachery Norton",1010
"23",89,"SANDEE2X","Otto Harper",979
"24",69,"SANDLV22","Coby Joyce",975
"25",15,"SANDEE2X","Callum Hall",1036
"26",28,"SANDEE2X","Odessa Mathews",980
"27",30,"SANDEE2X","Zoe Heath",1010
"28",81,"SANDLT22","Stuart Sullivan",1013
"29",58,"SANDEE2X","Sylvester Stephens",1018
"30",80,"SANDEE2X","Kessie Merrill",1006
"31",31,"SANDLV22","Keely Lopez",970
"32",2,"SANDEE2X","Amir Marquez",975
"33",8,"SANDEE2X","Ferdinand Duncan",986
"34",92,"SANDLT22","Giacomo Haley",1064
"35",4,"SANDLT22","Kirsten Mcdaniel",993
"36",5,"SANDLV22","Raven Pittman",986
"37",20,"SANDEE2X","Steven Blackwell",1003
"38",45,"SANDLV22","Riley Roth",1012
"39",63,"SANDLV22","Carl Cole",993
"40",33,"SANDLV22","Macon Stark",991
"41",14,"SANDEE2X","Shea Wade",975
"42",11,"SANDEE2X","Aurora George",1032
"43",6,"SANDEE2X","Colin Larson",1008
"44",29,"SANDEE2X","Orson Cunningham",1006
"45",83,"SANDLV22","Macey Carey",996
"46",91,"SANDEE2X","Ivory Bruce",999
"47",78,"SANDLT22","Adrian Pacheco",982
"48",79,"SANDLT22","Aretha Burnett",998
"49",98,"SANDLT22","Ishmael Workman",1022
"50",71,"SANDLT22","Sybill Holman",1050
"51",34,"SANDLV22","Teagan Case",1002
"52",66,"SANDEE2X","Cyrus Yates",1018
"53",7,"SANDEE2X","Violet Bush",1007
"54",36,"SANDLT22","Kasimir Knox",1018
"55",73,"SANDLT22","Ethan Nolan",979
"56",65,"SANDLT22","Connor Avila",997
"57",1,"SANDLT22","Dacey Norton",1002
"58",12,"SANDLV22","Cecilia Cote",998
"59",64,"SANDEE2X","Melyssa Robertson",984
"60",42,"SANDLT22","Holmes Fulton",1019
"61",96,"SANDEE2X","Yoshi Mcfadden",972
"62",26,"SANDLT22","Castor Logan",1046
"63",52,"SANDLV22","Xavier Greene",1002
"64",76,"SANDLT22","Maggie Flores",983
"65",87,"SANDLT22","Christian Shannon",992
"66",49,"SANDLV22","Shelley Pena",1001
"67",39,"SANDLT22","Jolene Nash",1035
"68",100,"SANDEE2X","Genevieve Patterson",980
"69",24,"SANDEE2X","Reagan Cabrera",987
"70",13,"SANDEE2X","Yoshio Tran",994
"71",99,"SANDLV22","Nash Robles",966
"72",22,"SANDLV22","Doris Clayton",957
"73",48,"SANDEE2X","Willow Mcguire",1001
"74",62,"SANDLT22","Mary Myers",974
"75",23,"SANDLT22","Ezra Warren",1012
"76",86,"SANDLT22","Rhonda Witt",976
"77",55,"SANDLV22","Evan Barron",992
"78",70,"SANDEE2X","Rama Baird",1000
"79",75,"SANDLV22","Channing Woodard",1005
"80",18,"SANDLT22","Kennan Kerr",1005
"81",59,"SANDEE2X","Angelica Mckay",1025
"82",84,"SANDLT22","Hamilton Luna",975
"83",21,"SANDEE2X","Melinda Perry",1030
"84",68,"SANDLV22","Rama Berger",954
"85",57,"SANDLV22","Renee Massey",1028
"86",85,"SANDEE2X","Marsden Gutierrez",999
"87",19,"SANDLV22","Jayme Sherman",976
"88",67,"SANDLV22","Portia Maldonado",1035
"89",54,"SANDEE2X","Barbara Gray",951
"90",50,"SANDLT22","Reuben Rowe",1000
"91",27,"SANDEE2X","Ivan Whitley",1013
"92",47,"SANDLT22","Shad Roy",1022
"93",3,"SANDEE2X","Felix Knowles",982
"94",40,"SANDLV22","Lewis Hays",1049
"95",17,"SANDLT22","Nita Frost",1018
"96",44,"SANDLT22","Bruno Daugherty",976
"97",94,"SANDLT22","Joel Ingram",998
"98",97,"SANDLT22","Ian Moon",1005
"99",10,"SANDLV22","Autumn Mcpherson",1013
"100",56,"SANDLT22","Breanna Nolan",1018
